{"cameraMode":{"drawMode":0,"name":"Shaded","section":"Shading Mode"},"sceneLighting":true,"audioPlay":false,"sceneViewState":{"showFog":true,"showMaterialUpdate":false,"showSkybox":true,"showFlares":true,"showImageEffects":true,"showParticleSystems":true},"in2DMode":false,"pivot":{"x":0.21314191818237306,"y":0.612022876739502,"z":15.917470932006836},"rotation":{"x":-0.03929558023810387,"y":-0.014391821809113026,"z":0.0005657164147123694,"w":-0.9991264939308167},"size":19.97127342224121,"orthographic":false}