{"cameraMode":{"drawMode":0,"name":"Shaded","section":"Shading Mode"},"sceneLighting":true,"audioPlay":false,"sceneViewState":{"showFog":true,"showMaterialUpdate":false,"showSkybox":true,"showFlares":true,"showImageEffects":true,"showParticleSystems":true},"in2DMode":false,"pivot":{"x":5.313117980957031,"y":-2.5511369705200197,"z":21.96713638305664},"rotation":{"x":-0.04678802192211151,"y":-0.015885302796959878,"z":0.0007474227459169924,"w":-0.998786211013794},"size":16.802825927734376,"orthographic":false}